<?xml version="1.0" encoding="UTF-8"?>
<!DOCTYPE dwr PUBLIC "-//GetAhead Limited//DTD Direct Web Remoting 3.0//EN" "http://getahead.org/dwr//dwr30.dtd">
<dwr>
	<allow>
		<!-- <create creator="new" javascript="Message">
			<param name="class" value="dwr.Message" />
			<include method="getMessage" />
		</create>

		<create creator="new" javascript="ProductInfo">
			<param name="class" value="dwr.ProductBean" />
			<include method="getDesignerInfo" />
			<include method="getBikeInfo" />
		</create> -->
		
		<create creator="new" javascript="EncrypDecryp">
			<param name="class" value="dwr.EncrypDecryp" />
			<include method="getEncData" />
			<include method="getSSLPubkey" />
		</create>
		

	</allow>
</dwr>
