<?xml version="1.0" encoding="ISO-8859-1" ?>
<!DOCTYPE struts-config PUBLIC
          "-//Apache Software Foundation//DTD Struts Configuration 1.3//EN"
          "http://struts.apache.org/dtds/struts-config_1_3.dtd">
<struts-config>

	<form-beans></form-beans>	

	<action-mappings>		
		<action path="/login" type="test.TestAction">			
			<forward name="success" path="/success.jsp" />
			<forward name="failure" path="/failure.jsp" />
		</action>
	</action-mappings>	


</struts-config>